{"web":{"client_id":"675474472628-87uc3fnbmojup9ur2a1b9ie7qfd5i732.apps.googleusercontent.com","project_id":"testservice-185013","auth_uri":"https://accounts.google.com/o/oauth2/auth","token_uri":"https://accounts.google.com/o/oauth2/token","auth_provider_x509_cert_url":"https://www.googleapis.com/oauth2/v1/certs","client_secret":"8DcZ_BxYCd8cBKKEoXdLwwdk","redirect_uris":["https://dev-api.adya.io/authz_callback","https://dev-api.adya.io/authz_callback_marketing","https://staging-api.adya.io/authz_callback_marketing","https://staging-api.adya.io/authz_callback"],"javascript_origins":["https://dev-api.adya.io","https://staging-api.adya.io"]}}